<?xml version="1.0" encoding="UTF-8"?>
<project-private xmlns="http://www.netbeans.org/ns/project-private/1">
    <editor-bookmarks xmlns="http://www.netbeans.org/ns/editor-bookmarks/2" lastBookmarkId="0"/>
    <open-files xmlns="http://www.netbeans.org/ns/projectui-open-files/2">
        <group>
            <file>file:/C:/Users/Acer/Downloads/Cafe%20Management%20System%20(2)/Cafe%20Management%20System/src/View/Records.java</file>
            <file>file:/C:/Users/Acer/Downloads/Cafe%20Management%20System%20(2)/Cafe%20Management%20System/src/View/Login.java</file>
            <file>file:/C:/Users/Acer/Downloads/Cafe%20Management%20System%20(2)/Cafe%20Management%20System/src/Model/DBSearch.java</file>
            <file>file:/C:/Users/Acer/Downloads/Cafe%20Management%20System%20(2)/Cafe%20Management%20System/src/View/SignUp.java</file>
            <file>file:/C:/Users/Acer/Downloads/Cafe%20Management%20System%20(2)/Cafe%20Management%20System/src/Model/AddRecord.java</file>
            <file>file:/C:/Users/Acer/Downloads/Cafe%20Management%20System%20(2)/Cafe%20Management%20System/src/Model/DBDelete.java</file>
            <file>file:/C:/Users/Acer/Downloads/Cafe%20Management%20System%20(2)/Cafe%20Management%20System/src/Model/DBUpdate.java</file>
        </group>
    </open-files>
</project-private>
